photo_browser,fun,0083C164,photo_browser_0083C164,
photo_browser,fun,118FE45E,photo_browser_118FE45E,
photo_browser,fun,1B46072C,photo_browser_1B46072C,
photo_browser,fun,5571F217,photo_browser_5571F217,
photo_browser,fun,7D98E682,photo_browser_7D98E682,
photo_browser,fun,7EEDD35E,photo_browser_7EEDD35E,
photo_browser,fun,8A11268B,photo_browser_8A11268B,
photo_browser,fun,91D69B8A,photo_browser_91D69B8A,
photo_browser,fun,9767B2F2,photo_browser_9767B2F2,
photo_browser,fun,E4A55CCC,photo_browser_E4A55CCC,
photo_browser,fun,F5D02B96,photo_browser_F5D02B96,
photo_browser,fun,F68D691C,photo_browser_F68D691C,
photo_browser,fun,1D31EB3F,photo_browser_1D31EB3F,
photo_browser,fun,1EB38FB9,photo_browser_1EB38FB9,
photo_browser,fun,3B4EF009,photo_browser_3B4EF009,
photo_browser,var,2EF6BFA1,photo_browser_2EF6BFA1,
photo_browser,var,446001C3,photo_browser_446001C3,
photo_browser,var,5015D2B2,photo_browser_5015D2B2,
photo_browser,var,50BD02C8,photo_browser_50BD02C8,
photo_browser,var,7E67A4FC,photo_browser_7E67A4FC,
photo_browser,var,8194C9CF,photo_browser_8194C9CF,
photo_browser,var,8671954E,photo_browser_8671954E,
photo_browser,var,B3522E3B,photo_browser_B3522E3B,
photo_browser,var,F97CAA4B,photo_browser_F97CAA4B,
syslib,fun,D632ACDB,module_start,matching
syslib,fun,CEE8593C,module_stop,matching
syslib,var,F01D73A7,module_info,matching
syslib,var,11B97506,module_sdk_version,matching
